,City,Latitude,Longitude,Max Temp,Humidity,Cloudiness,Wind Speed,Country,Date
0,San Luis,-33.295,-66.3356,57.83,26,9,17.87,AR,1663232400
1,Souillac,-20.5167,57.5167,76.44,62,15,17.6,MU,1663232400
2,Prabumulih,-3.45,104.25,90.09,48,39,3.18,ID,1663232400
3,Broome,42.2506,-75.833,53.4,88,28,4.41,US,1663232400
4,Busselton,-33.65,115.3333,60.64,68,62,14.99,AU,1663232400
5,Rikitea,-23.1203,-134.9692,69.93,71,10,11.81,PF,1663232400
6,Plettenberg Bay,-34.0527,23.3716,68.5,54,45,6.53,ZA,1663232400
7,Itarema,-2.9248,-39.9167,77.13,81,16,14.34,BR,1663232400
8,Caravelas,-17.7125,-39.2481,71.94,93,36,3.44,BR,1663232400
9,Tura,25.5198,90.2201,78.66,90,90,6.38,IN,1663232400
10,Butaritari,3.0707,172.7902,81.57,74,34,10.42,KI,1663232400
11,Arman',59.7,150.1667,48.04,66,100,2.84,RU,1663232400
12,Atuona,-9.8,-139.0333,76.55,74,14,18.28,PF,1663232400
13,Saint Paul Harbor,57.79,-152.4072,49.42,83,71,4.92,US,1663232400
14,‘Ewa Beach,21.3156,-158.0072,78.39,71,31,10.65,US,1663232400
15,East London,-33.0153,27.9116,75.34,65,5,13.65,ZA,1663232400
16,Gimli,50.6336,-96.9907,57.16,77,100,16.4,CA,1663232400
17,Pokhara,28.2333,83.9833,71.19,96,100,1.68,NP,1663232400
18,Yellowknife,62.456,-114.3525,50.27,71,60,8.08,CA,1663232400
19,Marzuq,14.4,46.4667,92.3,36,93,9.24,YE,1663232400
20,Dikson,73.5069,80.5464,39.33,89,82,12.66,RU,1663232400
21,Tazmalt,36.3868,4.3989,85.48,65,100,1.48,DZ,1663232400
22,Acaraú,-2.8856,-40.12,77.14,82,20,14.76,BR,1663232400
23,Hermanus,-34.4187,19.2345,63.88,71,72,2.37,ZA,1663232400
24,Cape Town,-33.9258,18.4232,64.69,79,47,4.09,ZA,1663232400
25,Bagrāmī,34.4938,69.2743,83.48,24,0,1.36,AF,1663232400
26,Jamestown,42.097,-79.2353,53.49,68,63,4.12,US,1663232400
27,Airai,-8.9266,125.4092,74.46,48,34,2.53,TL,1663232400
28,Albany,42.6001,-73.9662,55.94,83,6,9.13,US,1663232400
29,Guerrero Negro,27.9769,-114.0611,70.7,83,20,14.5,MX,1663232400
30,Kruisfontein,-34.0033,24.7314,73.83,38,31,9.48,ZA,1663232400
31,Barrow,71.2906,-156.7887,34.7,97,100,23.51,US,1663232400
32,Iranshahr,27.2025,60.6848,105.08,15,0,8.63,IR,1663232400
33,Ushuaia,-54.8,-68.3,41.61,56,30,9.24,AR,1663232400
34,Punta Arenas,-53.15,-70.9167,37.78,72,16,13.98,CL,1663232400
35,Chumikan,54.7183,135.315,56.07,48,78,5.12,RU,1663232400
36,Bluff,-46.6,168.3333,46.76,77,91,22.37,NZ,1663232400
37,New Norfolk,-42.7826,147.0587,52.39,72,100,0.29,AU,1663232400
38,Havøysund,70.9963,24.6622,45.0,82,100,27.34,NO,1663232400
39,Coahuayana Viejo,18.7333,-103.6833,76.14,95,100,3.38,MX,1663232400
40,Saldanha,-33.0117,17.9442,63.41,79,38,7.09,ZA,1663232400
41,Piaçabuçu,-10.4056,-36.4344,73.76,89,80,10.16,BR,1663232400
42,Bambous Virieux,-20.3428,57.7575,75.97,63,16,16.75,MU,1663232400
43,Lompoc,34.6391,-120.4579,59.34,91,0,8.3,US,1663232400
44,Nanortalik,60.1432,-45.2371,47.37,81,55,7.27,GL,1663232400
45,Isangel,-19.55,169.2667,75.69,84,62,13.06,VU,1663232400
46,Lebu,-37.6167,-73.65,49.8,85,100,8.7,CL,1663232400
47,Gemena,3.25,19.7667,80.78,84,99,0.58,CD,1663232400
48,Tshikapa,-6.4167,20.8,79.07,80,100,2.86,CD,1663232400
49,Mataura,-46.1927,168.8643,45.82,77,87,10.56,NZ,1663232400
50,Narsaq,60.9167,-46.05,48.72,63,37,5.55,GL,1663232400
51,Ribeira Grande,38.5167,-28.7,73.78,88,83,18.59,PT,1663232400
52,Dawson Creek,55.7666,-120.2362,47.48,71,0,3.83,CA,1663232400
53,Cape Canaveral,28.4058,-80.6048,77.16,86,100,0.83,US,1663232400
54,Tuktoyaktuk,69.4541,-133.0374,38.17,69,64,19.3,CA,1663232400
55,Saint-Philippe,-21.3585,55.7679,75.33,66,25,13.69,RE,1663232400
56,Avarua,-21.2078,-159.775,73.44,69,17,21.41,CK,1663232400
57,Fuerte Olimpo,-21.0415,-57.8738,60.58,87,100,4.92,PY,1663232400
58,Bucak,37.4592,30.595,84.45,23,0,0.51,TR,1663232400
59,Zheleznodorozhnyy,55.7503,38.0042,51.98,95,100,6.22,RU,1663232400
60,Lakes Entrance,-37.8811,147.981,58.42,80,72,8.86,AU,1663232400
61,Mayo,38.8876,-76.5119,66.24,86,0,8.66,US,1663232400
62,Kokstad,-30.5472,29.4241,79.79,30,0,7.0,ZA,1663232400
63,Engel's,51.5,46.1167,61.16,62,50,13.6,RU,1663232400
64,Kavaratti,10.5669,72.642,80.87,75,95,12.48,IN,1663232400
65,Lokoja,7.8024,6.743,80.1,92,95,5.39,NG,1663232400
66,Vao,-22.6667,167.4833,68.47,66,72,11.99,NC,1663232400
67,Vostok,46.4856,135.8833,60.19,65,100,2.21,RU,1663232400
68,Teya,60.3778,92.6267,52.25,58,62,5.59,RU,1663232400
69,Noumea,-22.2763,166.4572,69.24,67,73,4.81,NC,1663232400
70,Iqaluit,63.7506,-68.5145,38.28,89,83,2.44,CA,1663232400
71,Jubbal,31.1167,77.6667,66.58,82,79,3.76,IN,1663232400
72,São Filipe,14.8961,-24.4956,78.58,87,83,7.38,CV,1663232400
73,Pevek,69.7008,170.3133,36.05,84,99,6.44,RU,1663232400
74,Griffith,41.5284,-87.4237,60.48,93,86,3.02,US,1663232400
75,Statesboro,32.4488,-81.7832,64.47,86,0,7.2,US,1663232400
76,Flinders,-34.5833,150.8552,56.61,87,100,6.93,AU,1663232400
77,Álamos,27.0167,-108.9333,75.15,79,9,2.77,MX,1663232400
78,La Ronge,55.1001,-105.2842,47.89,69,0,5.12,CA,1663232400
79,Lima,-12.0432,-77.0282,58.64,85,79,4.5,PE,1663232400
80,Arraial do Cabo,-22.9661,-42.0278,67.51,93,77,8.28,BR,1663232400
81,Castro,-24.7911,-50.0119,54.12,98,100,5.37,BR,1663232400
82,Waipawa,-41.4122,175.5153,42.04,76,11,5.53,NZ,1663232400
83,Deputatsky,69.3,139.9,31.26,95,100,2.46,RU,1663232400
84,Flin Flon,54.7682,-101.865,42.82,94,15,3.69,CA,1663232400
85,Rodrigues Alves,-7.738,-72.6509,72.05,97,97,2.75,BR,1663232400
86,Kapaa,22.0752,-159.319,78.22,76,36,8.95,US,1663232400
87,Cerritos,33.8583,-118.0648,70.68,78,27,4.68,US,1663232400
88,Mossamedes,-15.1961,12.1522,71.55,85,84,6.17,AO,1663232400
89,Wacheng,33.7833,114.5167,83.84,51,79,9.73,CN,1663232400
90,Waitara,-38.925,174.25,50.32,66,3,13.13,NZ,1663232400
91,Chui,-33.6971,-53.4616,50.49,96,0,5.3,UY,1663232400
92,Chokurdakh,70.6333,147.9167,43.23,55,100,2.17,RU,1663232400
93,Sarai Sidhu,30.5949,71.9698,102.63,32,0,5.95,PK,1663232400
94,Saint George,37.1041,-113.5841,71.47,67,67,1.68,US,1663232400
95,Fairbanks,64.8378,-147.7164,45.93,96,100,2.95,US,1663232400
96,Belle Fourche,44.6714,-103.8522,60.37,77,98,7.76,US,1663232400
97,Port Elizabeth,-33.918,25.5701,72.03,46,34,9.13,ZA,1663232400
98,Batāla,31.8186,75.2028,92.39,55,7,4.79,IN,1663232400
99,Hithadhoo,-0.6,73.0833,81.86,70,19,7.27,MV,1663232400
100,Vila Franca do Campo,37.7167,-25.4333,76.1,93,89,10.07,PT,1663232400
101,Bredasdorp,-34.5322,20.0403,70.57,72,70,4.54,ZA,1663232400
102,Talcahuano,-36.7167,-73.1167,50.92,87,100,2.8,CL,1663232400
103,George Town,5.4112,100.3354,82.6,80,45,8.9,MY,1663232400
104,Nova Granada,-20.5339,-49.3142,66.16,78,80,4.34,BR,1663232400
105,Dingle,10.9995,122.6711,83.14,79,96,10.11,PH,1663232400
106,Saint-Marc-des-Carrieres,46.6834,-72.0491,48.83,68,23,10.58,CA,1663232400
107,Richards Bay,-28.783,32.0377,82.13,57,0,10.18,ZA,1663232400
108,Port Lincoln,-34.7333,135.8667,55.22,79,97,24.16,AU,1663232400
109,Ganta,7.3022,-8.5308,73.58,96,98,2.64,LR,1663232400
110,Lagoa,39.05,-27.9833,74.01,81,100,15.73,PT,1663232400
111,Maxixe,-23.8597,35.3472,77.29,55,2,6.69,MZ,1663232400
112,Kavieng,-2.5744,150.7967,83.1,69,39,10.96,PG,1663232400
113,Hilo,19.7297,-155.09,76.95,92,77,6.44,US,1663232400
114,Paamiut,61.994,-49.6678,46.44,69,100,9.98,GL,1663232400
115,Katsuura,35.1333,140.3,74.21,66,97,11.23,JP,1663232400
116,Port Alfred,-33.5906,26.891,73.29,59,28,14.97,ZA,1663232400
117,Nizwá,22.9333,57.5333,102.87,23,4,8.14,OM,1663232400
118,Bengkulu,-3.8004,102.2655,83.68,66,59,5.75,ID,1663232400
119,Ancud,-41.8697,-73.8203,53.38,94,100,26.87,CL,1663232400
120,Evensk,61.95,159.2333,47.66,59,73,4.9,RU,1663232400
121,Springbok,-29.6643,17.8865,78.78,8,0,1.16,ZA,1663232400
122,Ponta do Sol,32.6667,-17.1,76.51,84,10,1.86,PT,1663232400
123,Cherskiy,68.75,161.3,36.79,80,90,9.31,RU,1663232400
124,Brae,60.3964,-1.353,50.43,69,52,21.54,GB,1663232400
125,Marsá Maţrūḩ,31.3525,27.2453,81.14,51,0,8.72,EG,1663232400
126,Tamiahua,21.2667,-97.45,75.49,86,10,3.65,MX,1663232400
127,Tasiilaq,65.6145,-37.6368,38.8,65,100,2.17,GL,1663232400
128,Okhotsk,59.3833,143.3,51.85,62,75,7.09,RU,1663232400
129,Norman Wells,65.282,-126.8329,46.58,81,97,4.16,CA,1663232400
130,Qui Nhon,13.7667,109.2333,87.64,68,99,7.96,VN,1663232400
131,Senneterre,48.3835,-77.2328,41.83,64,99,9.04,CA,1663232400
132,Vaini,-21.2,-175.2,76.14,82,88,10.02,TO,1663232400
133,Carnarvon,-24.8667,113.6333,68.14,49,100,20.8,AU,1663232400
134,Lupiro,-8.3833,36.6667,86.61,52,70,3.33,TZ,1663232400
135,Orangeburg,33.4918,-80.8557,63.16,82,0,7.05,US,1663232400
136,Adrar,20.5022,-10.0711,90.5,22,10,19.15,MR,1663232400
137,Mar del Plata,-38.0023,-57.5575,49.19,93,0,12.3,AR,1663232400
138,Acapulco de Juárez,16.8634,-99.8901,77.02,86,96,3.67,MX,1663232400
139,Demirci,39.0461,28.6589,78.78,25,15,3.8,TR,1663232400
140,Klaksvík,62.2266,-6.589,48.11,70,73,22.24,FO,1663232400
141,Rionegro,6.1552,-75.3737,55.81,99,100,0.87,CO,1663232400
142,Husainābād,24.5333,84.0167,87.39,66,97,8.68,IN,1663232400
143,Roebourne,-20.7833,117.1333,85.14,24,0,5.91,AU,1663232400
144,Chinsali,-10.5414,32.0816,78.42,42,40,9.44,ZM,1663232400
145,Vestmanna,62.1564,-7.1664,46.08,74,80,16.08,FO,1663232400
146,Mount Isa,-20.7333,139.5,95.32,15,28,10.98,AU,1663232400
147,Khatanga,71.9667,102.5,36.39,76,99,11.86,RU,1663232400
148,Palmer,42.1584,-72.3287,59.45,91,0,6.04,US,1663232400
149,Hobart,-42.8794,147.3294,55.92,72,83,1.54,AU,1663232400
150,Hammerfest,70.6634,23.6821,42.31,82,83,19.08,NO,1663232400
151,Kudahuvadhoo,2.6708,72.8944,81.27,71,26,2.93,MV,1663232400
152,Aksha,50.2814,113.2867,67.68,41,71,4.9,RU,1663232400
153,Kisangani,0.5167,25.2,86.63,72,48,2.73,CD,1663232400
154,Morondava,-20.2833,44.2833,80.46,63,4,11.01,MG,1663232400
155,Port-Gentil,-0.7193,8.7815,78.98,78,60,10.4,GA,1663232400
156,Liwale,-9.7667,37.9333,84.09,53,51,7.11,TZ,1663232400
157,Belyy Yar,53.6039,91.3903,52.27,67,83,9.53,RU,1663232400
158,Tilichiki,60.4667,166.1,43.75,65,55,9.28,RU,1663232400
159,Scarborough,54.2797,-0.4044,56.55,76,52,16.04,GB,1663232400
160,Bathsheba,13.2167,-59.5167,81.77,79,40,6.62,BB,1663232400
161,Ilulissat,69.2167,-51.1,41.68,94,100,7.14,GL,1663232400
162,Forsytheganj,52.6333,29.7333,63.63,72,90,5.39,BY,1663232400
163,Padang,-0.9492,100.3543,86.27,72,62,3.94,ID,1663232400
164,Qaanaaq,77.484,-69.3632,27.3,64,21,7.49,GL,1663232400
165,Måløy,61.9353,5.1136,53.44,31,100,4.94,NO,1663232400
166,Caceres,39.522,-6.3748,66.04,91,60,4.52,ES,1663232400
167,Port Hardy,50.6996,-127.4199,53.91,93,87,6.17,CA,1663232400
168,Araouane,18.9048,-3.5265,97.95,28,38,13.51,ML,1663232400
169,Srednekolymsk,67.45,153.6833,42.85,53,91,8.23,RU,1663232400
170,Sawākin,19.1059,37.3321,99.21,44,65,5.57,SD,1663232400
171,Salalah,17.0151,54.0924,81.75,78,93,8.95,OM,1663232400
172,Husavik,66.0449,-17.3389,42.15,70,8,2.95,IS,1663232400
173,Tiksi,71.6872,128.8694,38.35,61,98,6.58,RU,1663232400
174,Krasnosel'kup,65.7,82.4667,52.81,66,100,22.03,RU,1663232400
175,Puerto Ayora,-0.7393,-90.3518,66.04,91,69,8.63,EC,1663232400
176,Severo-Kuril'sk,50.6789,156.125,50.94,78,10,11.63,RU,1663232400
177,Yangi Marg`ilon,40.4272,71.7189,92.28,22,0,5.21,UZ,1663232400
178,Sayyan,15.1718,44.3244,76.91,16,63,12.24,YE,1663232400
179,Sabha,27.0377,14.4283,89.42,30,0,10.29,LY,1663232400
180,Darnah,32.767,22.6367,78.01,56,0,8.55,LY,1663232400
181,Kapit,2.0167,112.9333,83.62,71,97,0.22,MY,1663232400
182,Henties Bay,-22.116,14.2845,64.22,85,30,6.31,NA,1663232400
183,Cabo San Lucas,22.8909,-109.9124,81.57,81,2,6.69,MX,1663232400
184,Faro,37.0194,-7.9322,70.25,93,15,4.97,PT,1663232400
185,Chicama,-7.8447,-79.1469,62.85,83,82,4.25,PE,1663232400
186,Leningradskiy,69.3833,178.4167,35.47,99,100,2.59,RU,1663232400
187,Comodoro Rivadavia,-45.8667,-67.5,55.94,60,100,10.67,AR,1663232400
188,Kununurra,-15.7667,128.7333,99.68,25,28,17.09,AU,1663232400
189,Hualmay,-11.0964,-77.6139,60.21,84,74,7.96,PE,1663232400
190,Shenjiamen,29.9576,122.298,79.27,76,37,9.8,CN,1663232400
191,Ostrovnoy,68.0531,39.5131,54.03,75,97,10.45,RU,1663232400
192,Alice Springs,-23.7,133.8833,81.64,19,0,11.83,AU,1663232400
193,Hambantota,6.1241,81.1185,89.94,63,30,21.54,LK,1663232400
194,Turbat,26.0023,63.044,102.69,34,1,10.4,PK,1663232400
195,Torbay,47.6666,-52.7314,58.84,93,40,11.01,CA,1663232400
196,Grand Gaube,-20.0064,57.6608,75.2,67,41,20.65,MU,1663232400
197,Saskylakh,71.9167,114.0833,36.23,93,100,9.66,RU,1663232400
198,College,64.8569,-147.8028,45.95,96,100,2.8,US,1663232400
199,Kargasok,59.0556,80.8572,55.27,71,92,6.02,RU,1663232400
200,Clyde River,70.4692,-68.5914,37.76,99,100,4.27,CA,1663232400
201,Yanggu,36.1106,115.7753,80.35,60,83,14.56,CN,1663232400
202,Riachão,-7.3619,-46.6172,74.32,35,13,0.65,BR,1663232400
203,Maumere,-8.6199,122.2111,83.68,68,93,7.25,ID,1663232400
204,Coquimbo,-29.9533,-71.3436,55.85,78,34,1.45,CL,1663232400
205,Antofagasta,-23.65,-70.4,55.45,83,34,3.36,CL,1663232400
206,Sitka,57.0531,-135.33,51.73,89,90,3.38,US,1663232400
207,Codrington,-38.2667,141.9667,58.14,67,34,9.62,AU,1663232400
208,Hanmer Springs,-42.5167,172.8167,41.41,76,1,6.24,NZ,1663232400
209,Cedar City,37.6775,-113.0619,54.48,85,4,4.29,US,1663232400
210,Xining,36.6167,101.7667,72.03,45,71,10.54,CN,1663232400
211,Mizdah,31.4451,12.9801,82.2,60,0,7.49,LY,1663232400
212,Mian Channu,30.44,72.3543,103.05,32,0,2.53,PK,1663232400
213,Amazar,53.858,120.875,43.16,97,100,5.37,RU,1663232400
214,Hasaki,35.7333,140.8333,74.77,63,70,10.42,JP,1663232400
215,Denpasar,-8.65,115.2167,79.79,84,65,10.22,ID,1663232400
216,Brewster,41.3973,-73.6171,59.77,92,1,4.18,US,1663232400
217,Strezhevoy,60.7333,77.5889,53.91,75,69,5.95,RU,1663232400
218,Politischer Bezirk Zwettl,48.6,15.1667,63.07,90,82,13.49,AT,1663232400
219,Ramsar,36.9226,50.6426,75.09,81,66,5.48,IR,1663232400
220,Formosa do Rio Preto,-11.0483,-45.1931,73.85,34,35,4.38,BR,1663232400
221,Thompson,55.7435,-97.8558,49.12,76,98,5.64,CA,1663232400
222,Faanui,-16.4833,-151.75,77.97,76,9,21.63,PF,1663232400
223,Birakan,49.0167,131.7,67.51,51,100,0.87,RU,1663232400
224,Tual,-5.6667,132.75,81.95,79,18,12.97,ID,1663232400
225,Ixtapa,20.7,-105.2,75.7,93,99,2.68,MX,1663232400
226,Huarmey,-10.0681,-78.1522,60.66,86,65,6.51,PE,1663232400
227,Devanahalli,13.2325,77.6992,82.35,60,60,12.84,IN,1663232400
228,Tuatapere,-46.1333,167.6833,46.13,80,93,12.68,NZ,1663232400
229,Cap-aux-Meules,47.3821,-61.8597,62.85,78,61,34.18,CA,1663232400
230,Andros Town,24.7,-77.7667,83.66,71,100,10.18,BS,1663232400
231,Lensk,60.7253,114.9278,51.39,57,98,6.17,RU,1663232400
232,Goderich,43.7501,-81.7165,50.18,72,38,11.63,CA,1663232400
233,Francistown,-21.17,27.5079,74.16,52,0,11.25,BW,1663232400
234,Port Shepstone,-30.7414,30.455,77.83,51,0,13.6,ZA,1663232400
235,Nabire,-3.3667,135.4833,82.81,76,68,1.59,ID,1663232400
236,Honningsvåg,70.9821,25.9704,44.56,75,100,26.19,NO,1663232400
237,Touros,-5.1989,-35.4608,78.31,72,19,15.43,BR,1663232400
238,Cidreira,-30.1811,-50.2056,58.77,90,44,4.25,BR,1663232400
239,Tamandaré,-8.7597,-35.1047,74.16,84,78,8.14,BR,1663232400
240,Haikou,20.0458,110.3417,87.58,65,14,6.02,CN,1663232400
241,Belsand,26.45,85.4,87.71,71,96,0.92,IN,1663232400
242,Havelock,34.8791,-76.9013,68.67,87,96,6.38,US,1663232400
243,Longyearbyen,78.2186,15.6401,32.76,85,82,1.95,SJ,1663232400
244,Te Anau,-45.4167,167.7167,42.71,86,92,3.4,NZ,1663232400
245,Coruripe,-10.1256,-36.1756,73.65,88,86,10.96,BR,1663232400
246,Marsaxlokk,35.8419,14.5431,81.01,67,14,12.06,MT,1663232400
247,Otradnoye,59.7775,30.8181,55.11,90,98,9.75,RU,1663232400
248,Yarqā,31.9785,35.6947,77.41,52,0,4.32,JO,1663232400
249,Annapolis,38.9785,-76.4922,66.97,85,0,8.86,US,1663232400
250,Poum,-20.2333,164.0167,73.58,73,11,16.73,NC,1663232400
251,West Memphis,35.1465,-90.1845,66.36,76,0,6.2,US,1663232400
252,La Asuncion,11.0333,-63.8628,80.13,87,70,9.64,VE,1663232400
253,Northam,51.0333,-4.2167,57.87,71,61,15.43,GB,1663232400
254,Jining,35.405,116.5814,79.03,67,74,15.88,CN,1663232400
255,Lorengau,-2.0226,147.2712,83.5,71,35,10.98,PG,1663232400
256,Giohar,2.7809,45.5005,90.46,49,63,20.0,SO,1663232400
257,Kaoma,-14.7833,24.8,82.36,35,83,9.6,ZM,1663232400
258,Almaty,43.25,76.95,69.26,22,0,5.77,KZ,1663232400
259,Los Lunas,34.8062,-106.7334,64.4,57,28,4.47,US,1663232400
260,Alofi,-19.0595,-169.9187,77.09,77,38,18.19,NU,1663232400
261,Bereda,43.2686,-7.5406,65.89,94,10,2.35,ES,1663232400
262,Nikolskoye,59.7035,30.7861,53.69,90,97,9.66,RU,1663232400
263,Marechal Cândido Rondon,-24.5561,-54.0567,56.59,83,99,4.59,BR,1663232400
264,Dzaoudzi,-12.7887,45.2699,79.2,70,63,9.37,YT,1663232400
265,Ust-Nera,64.5667,143.2,41.36,82,99,4.05,RU,1663232400
266,Mountain Home,43.133,-115.6912,65.07,57,100,3.94,US,1663232400
267,Linping,30.4225,120.2972,81.86,76,72,6.58,CN,1663232400
268,Rørvik,64.8621,11.2373,52.57,95,83,7.74,NO,1663232400
269,Burgeo,47.6167,-57.6152,62.56,95,77,17.11,CA,1663232400
270,Aquiraz,-3.9014,-38.3911,77.09,81,27,12.88,BR,1663232400
271,Puerto Ayacucho,5.6639,-67.6236,74.1,92,59,2.82,VE,1663232400
272,Togur,58.3631,82.8265,56.62,53,71,5.93,RU,1663232400
273,Glace Bay,46.1969,-59.957,63.01,86,11,16.28,CA,1663232400
274,Meadow Lake,34.8014,-106.5436,61.39,60,32,3.83,US,1663232400
275,Itoman,26.1247,127.6694,86.22,78,83,11.61,JP,1663232400
276,Pereira Barreto,-20.6383,-51.1092,66.0,84,91,6.67,BR,1663232400
277,Provideniya,64.3833,-173.3,44.92,93,100,14.5,RU,1663232400
278,Atherton,53.5237,-2.4935,55.8,84,47,2.24,GB,1663232400
279,Walvis Bay,-22.9575,14.5053,63.79,83,52,8.05,NA,1663232400
280,Hong Kong,22.2855,114.1577,91.08,50,2,10.87,HK,1663232400
281,Cockburn Town,21.4612,-71.1419,84.4,69,93,16.22,TC,1663232400
282,Homer,59.6425,-151.5483,48.58,89,28,5.97,US,1663232400
283,Mahébourg,-20.4081,57.7,76.03,63,52,16.98,MU,1663232400
284,Nome,64.5011,-165.4064,48.63,92,99,18.88,US,1663232400
285,Baruun-Urt,46.6806,113.2792,81.16,22,70,4.27,MN,1663232400
286,Heihe,50.2441,127.4902,64.42,40,42,9.44,CN,1663232400
287,Ola,59.5833,151.2833,49.93,61,96,1.99,RU,1663232400
288,Kotovo,50.3211,44.8012,64.42,60,81,14.45,RU,1663232400
289,Hirara,24.8,125.2833,82.49,83,99,14.36,JP,1663232400
290,Kwang Binh,17.4833,106.6,88.79,65,37,6.53,VN,1663232400
291,San Cristobal,7.7669,-72.225,64.29,91,64,1.5,VE,1663232400
292,Bethel,41.3712,-73.414,60.15,87,0,6.31,US,1663232400
293,Mogzon,51.7435,111.9606,48.33,83,100,4.59,RU,1663232400
294,Waslala,13.2333,-85.3833,71.29,96,90,1.86,NI,1663232400
295,Buala,-8.145,159.5921,82.67,75,19,8.01,SB,1663232400
296,Kaka,37.3482,59.6143,92.53,10,0,8.48,TM,1663232400
297,Guarapari,-20.6667,-40.4975,70.34,89,53,9.66,BR,1663232400
298,Yinzhu,35.8786,119.9753,73.67,97,100,30.62,CN,1663232400
299,Esmeraldas,-19.7625,-44.3139,68.63,63,67,4.18,BR,1663232400
300,Avera,33.194,-82.5271,63.95,67,0,6.67,US,1663232400
301,Lavrentiya,65.5833,-171.0,44.73,95,96,13.2,RU,1663232400
302,Kaitangata,-46.2817,169.8464,47.03,71,67,16.35,NZ,1663232400
303,Bermejillo,25.8833,-103.6167,72.97,54,23,6.44,MX,1663232400
304,Ahome,25.9167,-109.1833,81.93,74,36,4.32,MX,1663232400
305,Loíza,18.4313,-65.8802,80.85,86,50,11.12,PR,1663232400
306,Tocache,-8.1842,-76.5125,68.41,98,99,0.09,PE,1663232400
307,Upernavik,72.7868,-56.1549,39.69,96,100,11.36,GL,1663232400
308,Santa Isabel Rio Negro,-0.4139,-65.0192,73.83,92,83,2.46,BR,1663232400
309,Huilong,31.8111,121.655,77.94,89,99,14.12,CN,1663232400
310,Tazovsky,67.4667,78.7,51.8,72,100,22.12,RU,1663232400
311,Pinos Puente,37.2511,-3.7497,69.03,75,36,3.04,ES,1663232400
312,Kiryat Gat,31.61,34.7642,84.18,14,0,7.05,IL,1663232400
313,Lovozero,68.005,35.0117,51.6,77,100,13.67,RU,1663232400
314,Tabou,4.423,-7.3528,77.02,85,98,6.58,CI,1663232400
315,Pangnirtung,66.1451,-65.7125,39.9,99,100,4.34,CA,1663232400
316,Galveston,29.3669,-94.9669,79.05,79,18,11.32,US,1663232400
317,Porto Santo,33.072,-16.3415,73.11,76,48,6.64,PT,1663232400
318,Rawlins,41.7911,-107.2387,53.22,85,100,8.34,US,1663232400
319,Andenes,69.3143,16.1194,48.07,79,60,15.12,NO,1663232400
320,Piet Retief,-27.0071,30.8132,79.63,39,0,4.74,ZA,1663232400
321,Shuyskoye,59.3736,41.0305,51.93,94,100,5.3,RU,1663232400
322,Riyadh,24.6877,46.7219,105.01,10,2,13.09,SA,1663232400
323,Esperance,-33.8667,121.9,58.6,80,64,26.04,AU,1663232400
324,Rehoboth,-23.3167,17.0833,83.79,18,29,14.2,NA,1663232400
325,Zyryanka,65.75,150.85,46.36,51,100,6.49,RU,1663232400
326,Pudozh,61.8099,36.5345,51.28,96,100,6.42,RU,1663232400
327,Auki,-8.7676,160.7034,82.22,74,19,5.57,SB,1663232400
328,Moose Factory,51.2585,-80.6094,37.45,86,42,4.85,CA,1663232400
329,Cayenne,4.9333,-52.3333,77.86,91,12,8.99,GF,1663232400
330,Nelson Bay,-32.7167,152.15,58.82,94,99,12.21,AU,1663232400
331,Yerbogachën,61.2767,108.0108,50.04,65,73,5.21,RU,1663232400
332,Kapuskasing,49.4169,-82.4331,37.99,92,30,1.61,CA,1663232400
333,Chegdomyn,51.1167,133.0167,59.54,45,63,2.28,RU,1663232400
334,Lázaro Cárdenas,17.9583,-102.2,77.94,89,98,3.2,MX,1663232400
335,Raychikhinsk,49.7838,129.4121,62.76,55,70,7.61,RU,1663232400
336,Qaqortoq,60.7167,-46.0333,48.47,71,39,3.78,GL,1663232400
337,Tegul'det,57.3064,88.1667,54.07,51,52,3.6,RU,1663232400
338,Ilebo,-4.3167,20.5833,77.23,89,100,1.9,CD,1663232400
339,Westport,41.1415,-73.3579,64.15,84,0,9.82,US,1663232400
340,Kimbe,-5.5502,150.1429,81.34,81,83,0.54,PG,1663232400
341,Batabanó,22.7164,-82.2881,78.4,82,89,7.36,CU,1663232400
342,Tessalit,20.1986,1.0114,96.57,23,89,6.35,ML,1663232400
343,Santiago del Estero,-27.7951,-64.2615,54.0,43,0,6.62,AR,1663232400
344,Margate,51.3813,1.3862,62.37,64,97,11.25,GB,1663232400
345,Batagay-Alyta,67.8006,130.4114,37.51,68,89,2.64,RU,1663232400
346,Sørland,67.667,12.6934,52.3,74,95,16.33,NO,1663232400
347,Matagami,49.7502,-77.6328,41.59,75,99,6.82,CA,1663232400
348,Naryan-Mar,67.6713,53.087,55.65,68,100,9.35,RU,1663232400
349,Yar-Sale,66.8333,70.8333,58.96,59,74,20.58,RU,1663232400
350,Durango,24.8333,-104.8333,61.34,64,62,1.95,MX,1663232400
351,Puerto Escondido,15.85,-97.0667,78.21,87,100,2.77,MX,1663232400
352,Tiarei,-17.5333,-149.3333,76.68,79,45,25.84,PF,1663232400
353,Fortuna,40.5982,-124.1573,55.45,90,83,2.91,US,1663232400
354,Kamiichi,36.7,137.3667,80.58,72,99,1.99,JP,1663232400
355,Labuhan,-6.8844,112.2051,88.2,56,42,8.23,ID,1663232400
356,Dovers,12.8833,-61.1833,82.6,75,51,7.96,VC,1663232400
357,Petropavl,54.8753,69.1628,65.43,38,13,3.89,KZ,1663232400
358,Esim,4.8699,-2.2405,76.95,87,100,7.96,GH,1663232400
359,Marawi,7.9986,124.2928,75.67,85,90,6.67,PH,1663232400
360,Kachīry,53.0675,76.1036,61.0,38,86,4.92,KZ,1663232400
361,Pullman,46.7313,-117.1796,57.2,70,35,1.77,US,1663232400
362,Naze,28.3667,129.4833,81.9,80,8,15.86,JP,1663232400
363,Veere,51.5483,3.6667,63.37,70,80,12.64,NL,1663232400
364,Banda Aceh,5.5577,95.3222,83.35,71,99,8.1,ID,1663232400
365,NEDJO,9.5046,35.5019,67.87,88,89,1.7,ET,1663232400
366,Santa Cruz de la Sierra,-17.8,-63.1667,55.62,95,100,4.74,BO,1663232400
367,Nueva Loja,0.0847,-76.8828,68.94,99,96,2.04,EC,1663232400
368,Lima Duarte,-21.8425,-43.7931,62.26,90,89,2.68,BR,1663232400
369,San Andrés,12.5847,-81.7006,83.5,74,23,14.29,CO,1663232400
370,Aswān,24.0934,32.907,97.18,21,14,17.22,EG,1663232400
371,Kologriv,58.8275,44.3178,49.71,95,100,8.1,RU,1663232400
372,Yulara,-25.2406,130.9889,75.56,12,1,14.97,AU,1663232400
373,Tanout,14.9709,8.8879,91.63,44,72,7.47,NE,1663232400
374,Yamada,39.4667,141.95,69.66,75,83,8.23,JP,1663232400
375,Yumen,40.2833,97.2,84.58,16,83,10.54,CN,1663232400
376,Kahului,20.8947,-156.47,78.62,84,32,8.25,US,1663232400
377,Bonthe,7.5264,-12.505,78.03,87,100,5.68,SL,1663232400
378,Belawan,3.7755,98.6832,85.59,65,84,7.63,ID,1663232400
379,Dunedin,-45.8742,170.5036,50.11,68,49,21.99,NZ,1663232400
380,Aykhal,66.0,111.5,41.27,54,40,17.16,RU,1663232400
381,Rocha,-34.4833,-54.3333,44.92,96,0,0.4,UY,1663232400
382,Ávato,40.9667,24.8,82.17,57,4,6.73,GR,1663232400
383,Anadyr,64.75,177.4833,43.41,88,100,14.52,RU,1663232400
384,Jiangyou,31.7667,104.7167,75.49,74,62,6.62,CN,1663232400
385,Zhigansk,66.7697,123.3711,38.32,81,100,5.03,RU,1663232400
386,Kalat,29.0225,66.5916,77.47,9,0,8.46,PK,1663232400
387,Constitución,-35.3333,-72.4167,51.42,77,81,5.61,CL,1663232400
388,Dabat,12.9842,37.765,63.39,71,83,3.98,ET,1663232400
389,Bilāra,26.1792,73.7056,92.66,52,58,9.95,IN,1663232400
390,Dumai,1.6833,101.45,89.53,57,94,4.27,ID,1663232400
391,Port Blair,11.6667,92.75,84.07,70,79,14.16,IN,1663232400
392,Port Augusta,-32.5,137.7667,66.63,38,57,21.36,AU,1663232400
393,Tallahassee,30.4383,-84.2807,66.61,81,0,4.56,US,1663232400
394,Saint-Augustin,51.226,-58.6502,59.67,96,99,15.12,CA,1663232400
395,San Patricio,28.017,-97.5169,78.15,74,28,2.98,US,1663232400
396,Ţaga,46.95,24.05,72.97,71,95,14.65,RO,1663232400
397,Gazli,40.1333,63.45,86.49,13,0,5.68,UZ,1663232400
398,Vysha,53.8477,42.3777,50.63,93,100,6.69,RU,1663232400
399,Tobol,52.6844,62.5794,64.04,32,85,15.12,KZ,1663232400
400,Omsukchan,62.5333,155.8,39.25,62,46,4.92,RU,1663232400
401,Moengo,5.6167,-54.4,73.26,98,12,2.68,SR,1663232400
402,Stromness,58.965,-3.296,53.26,71,91,23.24,GB,1663232400
403,Bandarbeyla,9.4942,50.8122,91.02,53,44,25.75,SO,1663232400
404,Vardø,70.3705,31.1107,43.74,88,100,25.72,NO,1663232400
405,Homnābād,17.7667,77.1333,78.57,75,100,15.23,IN,1663232400
406,Kumluca,36.3703,30.2869,85.48,42,0,9.06,TR,1663232400
407,Paita,-5.0892,-81.1144,61.9,88,29,8.84,PE,1663232400
408,Dubai,25.2582,55.3047,96.28,53,24,15.64,AE,1663232400
409,Mhlambanyatsi,-26.45,31.0167,77.85,38,0,3.11,SZ,1663232400
410,San Jose,37.3394,-121.895,60.22,80,70,0.38,US,1663232400
411,Winnemucca,40.973,-117.7357,59.81,70,92,3.22,US,1663232400
412,Makakilo City,21.3469,-158.0858,76.82,74,31,10.31,US,1663232400
413,Paso de Carrasco,-34.8603,-56.0522,48.42,86,0,5.93,UY,1663232400
414,Bhag,29.0415,67.8239,103.51,27,0,3.18,PK,1663232400
415,Vila Velha,-20.3297,-40.2925,70.72,83,49,9.6,BR,1663232400
416,Kołobrzeg,54.1757,15.5834,60.13,74,91,22.93,PL,1663232400
417,Zaječar,43.9036,22.2641,88.03,37,34,11.12,RS,1663232400
418,Swan Hill,-35.3378,143.5544,63.59,50,45,6.06,AU,1663232400
419,Bahía Blanca,-38.7196,-62.2724,62.22,32,4,20.51,AR,1663232400
420,Roseburg,43.2165,-123.3417,59.92,66,100,0.51,US,1663232400
421,Asău,46.4333,26.4,70.77,63,88,19.3,RO,1663232400
422,Moss Vale,-34.55,150.3833,48.15,98,100,5.37,AU,1663232400
423,Cairns,-16.9167,145.7667,77.9,66,60,6.33,AU,1663232400
424,Itabira,-19.6192,-43.2269,60.17,83,43,1.83,BR,1663232400
425,Quepos,9.4236,-84.1652,77.04,85,98,3.38,CR,1663232400
426,Atlantis,-33.5667,18.4834,67.96,72,46,4.03,ZA,1663232400
427,Carauari,-4.8828,-66.8958,75.15,82,81,1.83,BR,1663232400
428,Hervey Bay,-25.2986,152.8535,70.2,65,75,12.1,AU,1663232400
429,San Juan,-31.5375,-68.5364,59.54,24,3,9.01,AR,1663232400
430,Bridlington,54.0831,-0.1919,57.34,67,56,17.56,GB,1663232400
431,Taoudenni,22.6783,-3.9836,98.92,9,0,6.44,ML,1663232400
432,Maryville,35.7565,-83.9705,57.76,92,0,3.47,US,1663232400
433,Yunyang,33.4474,112.7142,87.08,32,4,5.73,CN,1663232400
434,Vinh Long,10.25,105.9667,85.91,63,88,12.71,VN,1663232400
435,Igurusi,-8.85,33.85,81.5,36,40,6.67,TZ,1663232400
436,Tarpon Springs,28.1461,-82.7568,77.27,89,31,7.4,US,1663232400
437,Kousséri,12.0769,15.0306,87.24,75,62,7.85,CM,1663232400
438,Hamilton,39.1834,-84.5333,60.8,93,67,1.19,US,1663232400
439,Guangyuan,32.442,105.823,72.14,80,100,3.36,CN,1663232400
440,Bilibino,68.0546,166.4372,35.91,79,100,4.41,RU,1663232400
441,Mandera,3.9366,41.867,86.23,48,100,16.22,KE,1663232400
442,Pemangkat,1.1667,108.9667,84.22,70,98,11.5,ID,1663232400
443,Muros,42.7762,-9.0603,68.04,87,73,4.79,ES,1663232400
444,Prince George,53.9166,-122.753,48.52,82,6,2.3,CA,1663232400
445,Manono,-7.3,27.4167,89.01,37,98,8.03,CD,1663232400
446,Eldama Ravine,0.0516,35.7308,69.44,64,54,6.64,KE,1663232400
447,Damaturu,11.747,11.9608,86.52,74,52,9.66,NG,1663232400
448,Carutapera,-1.195,-46.02,77.22,85,24,7.54,BR,1663232400
449,Inhambane,-23.865,35.3833,76.14,56,3,6.78,MZ,1663232400
450,Inta,66.0317,60.1659,56.25,65,82,16.31,RU,1663232400
451,Eureka,40.8021,-124.1637,55.02,91,91,3.13,US,1663232400
452,Namatanai,-3.6667,152.4333,82.08,74,47,8.03,PG,1663232400
453,Valleyview,55.0667,-117.2859,49.12,61,5,6.55,CA,1663232400
454,Alyangula,-13.8483,136.4192,81.36,76,8,10.78,AU,1663232400
455,Ahipara,-35.1667,173.1667,51.31,70,9,7.18,NZ,1663232400
456,Dosso,13.049,3.1937,85.87,75,87,9.17,NE,1663232400
457,Tartu,58.3806,26.7251,55.29,76,100,10.49,EE,1663232400
458,Zhigalovo,54.8097,105.1578,56.57,52,85,3.06,RU,1663232400
459,Mitsamiouli,-11.3847,43.2844,77.22,73,58,2.1,KM,1663232400
460,Khovd,48.0056,91.6419,61.68,19,68,22.3,MN,1663232400
461,Itacarambi,-15.1022,-44.0919,71.74,31,4,1.95,BR,1663232400
462,Izhma,65.0083,53.9113,48.94,83,97,8.21,RU,1663232400
463,Grindavik,63.8424,-22.4338,46.58,84,0,8.68,IS,1663232400
464,Suntar,62.1444,117.6319,45.61,83,100,4.9,RU,1663232400
465,Fukuchiyama,35.3,135.1167,85.41,66,97,2.91,JP,1663232400
466,Lüderitz,-26.6481,15.1594,67.87,61,2,6.58,NA,1663232400
467,Lodja,-3.4833,23.4333,71.01,95,100,1.28,CD,1663232400
468,Saint-Pierre,-21.3393,55.4781,76.71,62,1,16.89,RE,1663232400
469,Río Gallegos,-51.6226,-69.2181,36.82,64,97,4.88,AR,1663232400
470,Tenamaxtlán,20.2167,-104.1667,65.95,83,99,0.31,MX,1663232400
471,Tanete,-3.9443,119.7848,87.24,55,93,11.1,ID,1663232400
472,Canindé,-4.3589,-39.3117,73.06,85,15,3.49,BR,1663232400
473,Purpe,64.4803,76.6897,56.55,67,95,20.09,RU,1663232400
474,Longkou,37.6508,120.3286,72.16,95,100,22.46,CN,1663232400
475,Holovyne,50.4712,28.8253,57.15,96,100,6.24,UA,1663232400
476,Bada,51.392,109.8717,45.07,92,100,3.24,RU,1663232400
477,Rypefjord,70.6333,23.6667,42.28,86,83,16.89,NO,1663232400
478,Geraldton,-28.7667,114.6,64.02,62,100,14.72,AU,1663232400
479,Charlottesville,38.0293,-78.4767,57.49,91,0,3.53,US,1663232400
480,Karpogory,64.0019,44.4451,50.52,95,100,7.27,RU,1663232400
481,Kanturk,52.1667,-8.9,57.15,82,74,8.7,IE,1663232400
482,Lapta,35.3375,33.1792,84.07,56,0,4.9,CY,1663232400
483,Plainview,40.7765,-73.4673,68.4,70,0,11.92,US,1663232400
484,Ukiah,39.1502,-123.2078,54.23,83,21,2.91,US,1663232400
485,Catarman,12.4989,124.6377,86.94,68,66,10.33,PH,1663232400
486,Zhanakorgan,43.9098,67.2495,82.94,14,44,0.58,KZ,1663232400
487,Kyren,51.6828,102.1408,54.97,67,80,6.31,RU,1663232400
488,Loandjili,-4.7561,11.8578,75.94,84,99,5.12,CG,1663232400
489,Talara,-4.5772,-81.2719,63.12,86,51,13.24,PE,1663232400
490,Gondanglegi,-7.7479,112.0132,87.15,54,60,18.45,ID,1663232400
491,Shimoda,34.6667,138.95,74.53,71,83,12.26,JP,1663232400
492,Borogontsy,62.6683,131.1683,45.82,82,89,7.65,RU,1663232400
493,Mponela,-13.5319,33.7401,73.83,51,73,11.01,MW,1663232400
494,Russell,32.3502,-85.1999,62.82,92,0,4.7,US,1663232400
495,Manosque,43.8288,5.7869,75.33,77,3,5.46,FR,1663232400
496,Challapata,-18.9,-66.7667,36.77,66,10,2.91,BO,1663232400
497,Pangai,-19.8,-174.35,77.41,83,58,11.79,TO,1663232400
498,Mirador,-6.3708,-44.3631,72.41,52,26,3.31,BR,1663232400
499,Safi,32.2994,-9.2372,71.55,83,0,4.43,MA,1663232400
500,São João da Barra,-21.6403,-41.0511,67.44,92,35,7.16,BR,1663232400
501,Salta,-24.7859,-65.4117,46.67,51,0,3.15,AR,1663232400
502,Honiton,50.7996,-3.189,57.69,78,55,15.12,GB,1663232400
503,Buin,-33.7333,-70.75,54.81,57,25,2.62,CL,1663232400
504,Shirokiy,49.758,129.523,63.14,56,75,7.74,RU,1663232400
505,Chake Chake,-5.2459,39.7666,83.32,60,14,12.17,TZ,1663232400
506,Beliş,46.65,23.0333,62.62,81,98,8.79,RO,1663232400
507,Cururupu,-1.8283,-44.8683,77.5,85,45,5.19,BR,1663232400
508,Murmashi,68.8154,32.8115,52.09,93,83,10.45,RU,1663232400
509,Kalmunai,7.4167,81.8167,85.6,64,29,8.14,LK,1663232400
510,Corinth,37.9407,22.9573,86.22,48,0,2.21,GR,1663232400
511,Kutum,14.2,24.6667,83.08,57,58,14.83,SD,1663232400
512,Fort Morgan,40.2503,-103.8,64.53,63,78,5.46,US,1663232400
513,Oruzgan,32.8333,66.0,83.89,8,0,6.64,AF,1663232400
514,Kathmandu,27.7167,85.3167,73.54,79,83,2.13,NP,1663232400
515,Nuuk,64.1835,-51.7216,45.54,92,83,6.04,GL,1663232400
516,Morón,-34.6534,-58.6198,53.22,81,0,4.38,AR,1663232400
517,Faya,18.3851,42.4509,81.07,26,27,3.74,SA,1663232400
518,Paris,48.8534,2.3488,67.17,80,66,4.99,FR,1663232400
519,Bonavista,48.6499,-53.1147,58.1,91,55,14.65,CA,1663232400
520,Iracoubo,5.4802,-53.2011,77.61,86,8,9.33,GF,1663232400
521,Lahān,26.7296,86.4951,86.94,68,47,5.08,NP,1663232400
522,Nantucket,41.2835,-70.0995,68.81,81,0,17.69,US,1663232400
523,Harbour Breton,47.4833,-55.7983,60.78,98,100,12.64,CA,1663232400
524,Balkhash,46.844,74.9804,63.25,25,20,19.15,KZ,1663232400
525,Östersund,63.1792,14.6357,48.54,97,100,9.82,SE,1663232400
526,Rundu,-17.9333,19.7667,86.88,26,0,9.69,NA,1663232400
527,China,25.7,-99.2333,79.11,75,22,6.89,MX,1663232400
528,Hofn,64.2539,-15.2082,44.65,61,52,4.41,IS,1663232400
529,Beyneu,45.3167,55.2,77.76,41,48,13.27,KZ,1663232400
530,Bereza,53.5183,50.1397,58.1,68,60,11.5,RU,1663232400
531,Manadhoo,5.7667,73.3833,80.83,73,23,4.14,MV,1663232400
532,Sibolga,1.7427,98.7792,85.68,65,84,4.07,ID,1663232400
533,Anloga,5.7947,0.8973,78.67,85,91,13.89,GH,1663232400
534,Sioux Lookout,50.1001,-91.917,48.42,69,100,7.09,CA,1663232400
535,Portland,45.5234,-122.6762,62.15,74,60,0.58,US,1663232400
536,Golden Gate,26.1879,-81.6951,76.62,79,31,3.89,US,1663232400
537,Minot,48.2325,-101.2963,59.85,74,98,11.45,US,1663232400
538,Vestmannaeyjar,63.4427,-20.2734,48.6,72,0,5.32,IS,1663232400
539,Kaeo,-35.1,173.7833,51.12,78,20,5.3,NZ,1663232400
540,Mount Gambier,-37.8333,140.7667,58.5,61,45,11.21,AU,1663232400
541,Langsa,4.4683,97.9683,87.4,57,94,4.81,ID,1663232400
542,Seoul,37.5683,126.9778,82.83,50,100,5.23,KR,1663232400
543,São Bento,-6.2833,-37.75,69.42,79,14,9.62,BR,1663232400
544,Ngunguru,-35.6167,174.5,51.8,66,39,8.52,NZ,1663232400
545,Beringovskiy,63.05,179.3167,44.17,94,100,15.97,RU,1663232400
546,Gaoua,10.2992,-3.2508,79.92,86,88,4.97,BF,1663232400
547,Soyo,-6.1349,12.3689,78.42,81,90,5.97,AO,1663232400
548,Tarko-Sale,64.9225,77.785,52.81,74,100,16.96,RU,1663232400
549,Lagos,6.5833,3.75,83.8,83,91,6.2,NG,1663232400
550,Aruvankad,11.3667,76.7667,67.14,64,99,3.13,IN,1663232400
551,Petropavlovka,50.6114,105.3196,55.99,61,92,7.18,RU,1663232400
552,Maniitsoq,65.4167,-52.9,42.44,98,100,12.93,GL,1663232400
553,Merauke,-8.4667,140.3333,82.56,80,70,16.04,ID,1663232400
554,Skopin,53.8249,39.5505,55.56,83,100,12.66,RU,1663232400
555,Düzce,40.8389,31.1639,85.48,31,41,3.0,TR,1663232400
556,Kangaatsiaq,68.3065,-53.4641,40.73,98,100,15.52,GL,1663232400
557,Ternate,0.8,127.4,83.25,72,75,7.18,ID,1663232400
558,Balkanabat,39.5108,54.3671,87.33,25,21,8.03,TM,1663232400
559,Krasnyy Oktyabr',56.1167,38.8833,51.64,97,100,1.61,RU,1663232400
560,Monrovia,6.3005,-10.7969,77.86,84,100,6.76,LR,1663232400
561,Shishou,29.7226,112.419,91.98,27,12,8.34,CN,1663232400
562,Thinadhoo,0.5333,72.9333,81.9,69,26,4.92,MV,1663232400
563,Weihe,32.9952,105.3247,68.59,79,79,4.61,CN,1663232400
564,Chapais,49.7834,-74.8492,40.91,75,92,11.83,CA,1663232400
565,Charters Towers,-20.1,146.2667,79.11,42,14,20.24,AU,1663232400
